AOS : A._O._Smith
ATEN : A10_Networks
AIR : AAR_Corp
AAN : Aaron's,_Inc.
ABB : ABB_Group
ABT : Abbott_Laboratories
ABBV : AbbVie
ANF : Abercrombie_&_Fitch
ABM : ABM_Industries
ACN : Accenture
ACCO : ACCO_Brands
ATU : Actuant
GOLF : Acushnet_Company
AYI : Acuity_Brands
ADX : Adams_Express_Company
ADPT : Adeptus_Health
AAP : Advance_Auto_Parts
ASIX : AdvanSix
AAV : Advantage_Oil_&_Gas
ACM : AECOM
ANW : Aegean_Marine_Petroleum_Network_Inc.
AEG : Aegon_N.V.
AER : AerCap
HIVE : Aerohive_Networks
AJRD : Aerojet_Rocketdyne_Holdings
AES : AES_Corporation
AESpC : AES_Corporation
AET : Aetna
AMG : Affiliated_Managers_Group
AFL : Aflac
AFSD : Aflac
AGCO : AGCO
A : Agilent_Technologies
AEM : Agnico_Eagle_Mines_Limited
AGU : Agrium
AHC : A._H._Belo
AL : Air_Lease_Corporation
APD : Air_Products_&_Chemicals
AYR : Aircastle
AKS : AK_Steel_Holding
ALPpO : Alabama_Power
ALK : Alaska_Air_Group
AIN : Albany_International
ALB : Albemarle_Corporation
AA : Alcoa
ALR : Alere
ALRpB : Alere
ALEX : Alexander_&_Baldwin
ALX : Alexander's
ARE : Alexandria_Real_Estate_Equities
AQN : Algonquin_Power_&_Utilities
BABA : Alibaba_Group
Y : Alleghany_Corporation
ATI : Allegheny_Technologies
ALLE : Allegion
AGN : Allergan
AGNpA : Allergan
ADS : Alliance_Data
AOI : Alliance_One_International
AB : AllianceBernstein
LNT : Alliant_Energy
AFC : Allied_Capital
ALSN : Allison_Transmission
ALL : Allstate
ALLY : Ally_Financial
ALJ : Alon_USA
MO : Altria
ACH : Aluminum_Corporation_of_China_Limited
AMBR : Amber_Road,_Inc.
ABEV : AmBev
AMC : AMC_Theatres
AMFW : Amec_Foster_Wheeler
AEE : Ameren
AXL : American_Axle
ACC : American_Campus_Communities
AEO : American_Eagle_Outfitters
AEP : American_Electric_Power
AXP : American_Express
AFG : American_Financial_Group
AMH : American_Homes_4_Rent
AIG : American_International_Group
AWR : American_States_Water
AMT : American_Tower
AWK : American_Water_(company)
APU : UGI_Corporation
AMP : Ameriprise_Financial
ABC : AmerisourceBergen
AME : Ametek
ANFI : Amira_Nature_Foods
AP : Ampco_Pittsburgh
APH : Amphenol
AXR : Amrep_Corporation
AFSIpA : AmTrust_Financial_Services,_Inc.
AFSIpB : AmTrust_Financial_Services,_Inc.
AFSIpC : AmTrust_Financial_Services,_Inc.
AFSIpD : AmTrust_Financial_Services,_Inc.
AFSIpE : AmTrust_Financial_Services,_Inc.
AFSIpF : AmTrust_Financial_Services,_Inc.
AMX : América_Móvil
AMOV : América_Móvil
APC : Anadarko_Petroleum_Corporation
AU : AngloGold_Ashanti
BUD : Anheuser-Busch_InBev
AXE : Anixter
ANTM : Anthem_Inc.
ANTX : Anthem_Inc.
ANH : Anworth_Mortgage_Asset_Corporation
AON : Aon_(company)
APA : Apache_Corporation
AIV : Aimco
ARI : Apollo_Global_Management
APO : Apollo_Global_Management
AIB : Apollo_Global_Management
AIT : Applied_Industrial_Technologies
WTR : Aqua_America
ARMK : Aramark
ARC : ARC_Document_Solutions
MT : ArcelorMittal
ARHpC : Arch_Capital_Group
ARCH : Arch_Coal
ADM : Archer_Daniels_Midland
ARNC : Arconic
ARNCp : Arconic
ARNCpB : Arconic
ARCO : Arcos_Dorados_Holdings
ARES : Ares_Management
ARESpA : Ares_Management
ANET : Arista_Networks
AI : Arlington_Asset_Investment
AWI : Armstrong_World_Industries
ARW : Arrow_Electronics
AJG : Arthur_J._Gallagher_&_Co.
ABG : Asbury_Automotive_Group
ASH : Ashland_Inc.
APB : Massachusetts_Mutual_Life_Insurance_Company
ASB : Associated_Banc-Corp
ASBpC : Associated_Banc-Corp
ASBpD : Associated_Banc-Corp
AIZ : Assurant
AF : Astoria_Bank
AZN : AstraZeneca
T : AT&T
ATTO : Atento
AT : Atlantic_Power_Corporation
ATO : Atmos_Energy
AUO : AU_Optronics
ALV : Autoliv
AN : AutoNation
AZO : AutoZone
AVB : AvalonBay_Communities
AGR : Avangrid
AVY : Avery_Dennison
AVH : Avianca_Holdings
AVA : Avista
AVT : Avnet
AVP : Avon_Products
AVX : AVX_Corporation
AXTA : Axalta_Coating_Systems
AXON : Axovant_Sciences
AZRE : Azure_Power
BWC : Babcock_&_Wilcox
BHGE : Baker_Hughes
BLL : Ball_Corporation
BYI : Bally_Technologies
BANC : Banc_of_California
BBVA : Banco_Bilbao_Vizcaya_Argentaria
BBD : Banco_Bradesco
BCH : Banco_de_Chile
BMA : Banco_Macro
SAN : Santander_Group
BSBR : Santander_Brasil
BSAC : Banco_Santander-Chile
CIB : Bancolombia
BXS : BancorpSouth
BAC : Bank_of_America
BOH : Bank_of_Hawaii
BK : The_Bank_of_New_York_Mellon
BNS : Scotiabank
RATE : Bankrate
BKU : BankUnited
BCS : Barclays
BKS : Barnes_&_Noble
B : Barnes_Group
CUDA : Barracuda_Networks
ABX : Barrick_Gold
BAX : Baxter_International
BTE : Baytex_Energy
BBT : BB&T
BFR : BBVA_Banco_Francés
BBX : BankAtlantic
BCE : Bell_Canada
BZH : Beazer_Homes_USA
BDX : Becton_Dickinson
BDC : Belden_(electronics_company)
BEL : Belmond_Ltd.
BMS : Bemis_Company
BHE : Benchmark_Electronics
BRK.A : Berkshire_Hathaway
BERY : Berry_Plastics
BBY : Best_Buy
BGCA : BGC_Partners
BGEpB : Constellation_Energy
BBL : BHP_Billiton
BHP : BHP_Billiton
BIG : Big_Lots
BH : Biglari_Holdings_Inc.
BBG : Bill_Barrett_Corporation
BIO : Bio-Rad_Laboratories
BIOA : BioAmber_Inc.
BKH : Black_Hills_Corporation
BLK : BlackRock
BX : The_Blackstone_Group
BXC : BlueLinx
BTH : Blyth,_Inc.
BMO : Bank_of_Montreal
BWP : Boardwalk_Pipeline_Partners
BA : Boeing
BCC : Boise_Cascade
BAH : Booz_Allen_Hamilton
BWA : BorgWarner
SAM : Samuel_Adams_(beer)
BXP : Boston_Properties
BSX : Boston_Scientific
BYD : Boyd_Gaming
BP : BP
BPT : BP_Prudhoe_Bay_Royalty_Trust
BRC : Brady_Corporation
BDN : Brandywine_Realty_Trust
BAK : Braskem
BRFS : BRF_S.A.
BPI : Bridgepoint_Education
BGG : Briggs_&_Stratton
BFAM : Bright_Horizons_Family_Solutions
EAT : Brinker_International
BCO : Brink's
BMY : Bristol-Myers_Squibb
BRS : Bristow_Helicopters
BR : Broadridge_Financial_Solutions
BKD : Brookdale_Senior_Living
BAM : Brookfield_Asset_Management
BIP : Brookfield_Infrastructure_Partners
BEP : Brookfield_Renewable
BRP : Brookfield_Residential
BRO : Brown_&_Brown
BF.A : Brown-Forman
BWS : Brown_Shoe
BC : Brunswick_Corporation
BT : BT_Group
BPL : Buckeye_Partners
BKE : Buckle_(clothing_retailer)
BBW : Build-A-Bear_Workshop
BG : Bunge_Limited
BURL : Burlington_Coat_Factory
BCR : C._R._Bard
CAB : Cabela's
CBT : Cabot_Corporation
COG : Cabot_Oil_&_Gas
CACI : CACI
CAE : CAE_Inc.
CCC : Calgon_Carbon
CALX : Calix_Inc.
ELY : Callaway_Golf_Company
CPN : Calpine
CBM : Cambrex_Corporation
CPT : Camden_Property_Trust
CCJ : Cameco
CAM : Cameron_International
CPB : Campbell_Soup_Company
GOOS : Canada_Goose_(clothing)
CM : Canadian_Imperial_Bank_of_Commerce
CNI : Canadian_National_Railway
CNQ : Canadian_Natural_Resources
CP : Canadian_Pacific_Railway
CAJ : Canon_Inc.
CGC : Canopy_Growth_Corporation
CMN : Cantel_Medical_Corporation
COF : Capital_One
CSU : Capital_Senior_Living
CAH : Cardinal_Health
CRCM : Care.com
CFN : CareFusion
CSL : Carlisle_Companies
KMX : CarMax
CCL : Carnival_Corporation_&_plc
CUK : Carnival_Corporation_&_plc
CRS : Carpenter_Technology_Corporation
CRI : Carter's,_Inc.
CSH : Cash_America_International
CSLT : Castlight_Health
CAT : Caterpillar_Inc.
CATO : Cato_Corporation
CBL : CBL_&_Associates_Properties
CBG : CBRE_Group
CBS : CBS_Corporation
CDI : CDI_Corporation
FUN : Cedar_Fair
CDR : Cedar_Realty_Trust
CGI : Celadon_Group
CE : Celanese
CLS : Celestica
CEL : Cellcom_(Israel)
CPAC : Cementos_Pacasmayo
CX : Cemex
CNCO : Cencosud
CVE : Cenovus_Energy
CNC : Centene_Corporation
CNP : CenterPoint_Energy
EBR : Eletrobras
CPF : Central_Pacific_Bank
CTL : CenturyLink
CVO : Cenveo
CF : CF_Industries
CGG : CGG_(company)
GIB : CGI_Group
CRL : Charles_River_Laboratories
SCHW : Charles_Schwab_Corporation
HELI : CHC_Helicopter
CKP : Checkpoint_Systems
CMCM : Cheetah_Mobile
CHGG : Chegg
CHMT : Chemtura
CHK : Chesapeake_Energy
CPK : Chesapeake_Utilities
CVX : Chevron_Corporation
CBI : Chicago_Bridge_&_Iron_Company
CHS : Chico's_(clothing_retailer)
CEA : China_Eastern_Airlines
CGA : China_Green_Agriculture
LFC : China_Life_Insurance_Company
MY : Mingyang_Wind_Power
CHL : China_Mobile
NPD : China_Nepstar
SNP : Sinopec
ZNH : China_Southern_Airlines
CHA : China_Telecom
CHU : China_Unicom
CYD : China_Yuchai_International
CMG : Chipotle_Mexican_Grill
CQB : Chiquita_Brands_International
CHH : Choice_Hotels
CBK : Christopher_&_Banks
CB : Chubb_Corp.
CHT : Chunghwa_Telecom
CHD : Church_&_Dwight
CIEN : Ciena
CI : Cigna
XEC : Cimarex_Energy
CBB : Cincinnati_Bell
CNK : Cinemark_Theatres
CIT : CIT_Group
C : Citigroup
CYN : City_National_Bank_(California)
CVEO : Civeo_Corporation
CLC : Clarcor
CLH : Clean_Harbors
CCO : Clear_Channel_Outdoor
CLW : Clearwater_Paper
CNL : CLECO
CLF : Cliffs_Natural_Resources
CLX : Clorox
CLD : Cloud_Peak_Energy
MYCC : ClubCorp
CMS : CMS_Energy
CNA : CNA_Financial
CNHI : CNH_Industrial
CNO : CNO_Financial_Group
CEO : CNOOC_Limited
COH : Coach,_Inc.
CIE : Cobalt_International_Energy
KO : The_Coca-Cola_Company
CCE : Coca-Cola_Enterprises
KOF : FEMSA
CDE : Coeur_Mining
CFX : Colfax_Corporation
CL : Colgate-Palmolive
CCV : Comcast
CMA : Comerica
CMA.WS : Comerica
CMC : Commercial_Metals_Company
CBU : Community_Bank,_N.A.
CYH : Community_Health_Systems
CBD : GPA_(company)
SBS : Sabesp
CIG : CEMIG
ELP : Copel
SID : Companhia_Siderúrgica_Nacional
CMP : Compass_Minerals
BVN : Buenaventura_(mining_company)
CCU : Compañía_de_las_Cervecerías_Unidas
CSC : Computer_Sciences_Corporation
CNW : Con-way
CAG : ConAgra_Foods
COP : ConocoPhillips
CNX : Consol_Energy
ED : Consolidated_Edison
STZ : Constellation_Brands
CMSpB : Consumers_Energy
TCS : The_Container_Store
CLR : Continental_Resources
VLRS : Volaris
CVG : Convergys
COO : The_Cooper_Companies
CPS : Cooper-Standard_Automotive
CTB : Cooper_Tire_&_Rubber_Company
CPA : Copa_Holdings
CLB : Core_Laboratories
CLGX : CoreLogic
COR : CoreSite
GLW : Corning_Inc.
BCA : Corpbanca
CEB : The_Corporate_Executive_Board_Company
OFC : Corporate_Office_Properties_Trust
CXW : Corrections_Corporation_of_America
CZZ : Cosan
CMRE : Costamare
COT : Cott
COTY : Coty,_Inc.
COUP : Coupons.com
CUZ : Cousins_Properties
CVD : Covance
CVA : Covanta_Energy
COV : Covidien
CPL : CPFL_Energia
CR : Crane_Co.
CRD.A : Crawford_&_Company
BAP : Credicorp
CS : Credit_Suisse
CPG : Crescent_Point_Energy
CRH : CRH_plc
CCI : Crown_Castle
CCK : Crown_Holdings
CRY : CryoLife
CSS : CSS_Industries
CST : CST_Brands
CSX : CSX_Corporation
CUBE : CubeSmart
CUB : Cubic_Corporation
CFR : Frost_Bank
CMI : Cummins
CW : Curtiss-Wright
CVT : Cvent
UAN : CVR_Partners
CVS : CVS_Caremark
CYNI : Cyan,_Inc.
CYT : Cytec_Industries
DHI : D._R._Horton
DNB : Dun_&_Bradstreet
DAN : Dana_Holding_Corporation
DHR : Danaher_Corporation
DAC : Danaos_Corporation
DRI : Darden_Restaurants
DVA : DaVita
DPM : DCP_Midstream_Partners
DF : Dean_Foods
DECK : Deckers_Outdoor_Corporation
DE : John_Deere
DK : Delek
DLPH : Delphi_Automotive
DAL : Delta_Air_Lines
DLX : Deluxe_Corporation
DMD : Demand_Media
DWRE : Demandware
DNR : Denbury_Resources
DB : Deutsche_Bank
DVN : Devon_Energy
DV : DeVry_Education_Group
DEO : Diageo
DO : Diamond_Offshore_Drilling
DRII : Diamond_Resorts_International
DHX : Dice.com
DKS : Dick's_Sporting_Goods
DBD : Diebold
DLR : Digital_Realty
DGI : DigitalGlobe
DDS : Dillard's
DIN : DineEquity
DFS : Discover_Financial
DLB : Dolby_Laboratories
DG : Dollar_General
DDC : Dominion_Diamond_Corporation
D : Dominion_Resources
DPZ : Domino's_Pizza
UFS : Domtar
DCI : Donaldson_Company
DRL : Doral_Financial_Corporation
DOV : Dover_Corporation
DDE : Dover_Downs
DVD : Dover_Motorsports_Incorporated
DOW : Dow_Chemical_Company
DPS : Dr_Pepper_Snapple_Group
RDY : Dr._Reddy's_Laboratories
DRD : DRDGOLD_Limited
DRC : Dresser-Rand_Group
DSW : DSW,_Inc.
DTE : DTE_Energy
DCO : Ducommun
DUC : Duff_&_Phelps
DUK : Duke_Energy
DREpL : Duke_Realty
DYN : Dynegy
DANG : Dangdang
DD : DuPont
SSP : E._W._Scripps_Company
EXP : Eagle_Materials
EMN : Eastman_Chemical_Company
KODK : Eastman_Kodak
ETN : Eaton_Corporation
EV : Eaton_Vance
ECL : Ecolab
EC : Ecopetrol
EIX : Edison_International
EW : Edwards_Lifesciences
EE : El_Paso_Electric
EGO : Eldorado_Gold
LLY : Eli_Lilly_and_Company
ELLI : Ellie_Mae
ERJ : Embraer
EME : Emcor
EBS : Emergent_BioSolutions
ESC : Emeritus_Senior_Living
EMR : Emerson_Electric
EDE : Empire_District_Electric_Company
EDN : Edenor
ELX : Emulex
ENB : Enbridge
EEP : Enbridge
ECA : Encana
EOC : Endesa_(Chile)
EGN : Energen
ENR : Energizer
ET : Energy_Transfer_Partners
ERF : Enerplus
ENI : Enersis
ENS : EnerSys
E : Eni
NPO : EnPro_Industries
ESV : Ensco_plc
ETM : Entercom
ETR : Entergy
EPD : Enterprise_Products
EVC : Entravision_Communications
EOG : EOG_Resources
EPAM : EPAM_Systems
EQT : EQT
EFX : Equifax
EQR : Equity_Residential
EROS : Eros_International
EL : Estée_Lauder_Companies
ESL : Esterline
ETH : Ethan_Allen_(furniture_company)
EVER : EverBank
EVR : Evercore_Partners
RE : Everest_Re
EVDY : Everyday_Health
EVGN : Evogene
EXAR : Exar_Corporation
XLS : Exelis_Inc.
EXC : Exelon
EXPR : Express,_Inc.
STAY : Extended_Stay_America
EXH : Exterran_Holdings
EXR : Extra_Space_Storage
XOM : ExxonMobil
FDS : FactSet
FICO : FICO
FDO : Family_Dollar
FTCH : Farfetch
FFG : FBL_Financial_Group
AGM : Federal_Agricultural_Mortgage_Corporation
FSS : Federal_Signal_Corporation
FII : Federated_Investors
FDX : FedEx
FGP : Ferrellgas
FOE : Ferro_Corporation
FBR : Fibria
FGL : Fidelity_&_Guaranty_Life
FNF : Fidelity_National_Financial
FIS : FIS_(company)
FAF : First_American_Corporation
FBP : First_BanCorp
FCF : First_Commonwealth_Bank
FHN : First_Horizon_National_Corporation
AG : First_Majestic_Silver
FNFGpB : First_Niagara_Bank
FRC : First_Republic_Bank
FE : FirstEnergy
FMERpA : FirstMerit_Corporation
FBC : Flagstar_Bank
FLTX : Fleetmatics_Group_PLC
FLO : Flowers_Foods
FLS : Flowserve
FLR : Fluor_Corporation
FLY : FLY_Leasing
FMC : FMC_Corporation
FTI : FMC_Technologies
FNB : FNB_Corporation
FMX : FEMSA
FL : Foot_Locker
F : Ford_Motor_Company
FCE.A : Forest_City_Enterprises
FOR : Forestar_Group
FIG : Fortress_Investment_Group
FBHS : Fortune_Brands_Home_&_Security
FNV : Franco-Nevada
FC : FranklinCovey
BEN : Franklin_Templeton_Investments
FCX : Freeport-McMoRan
FSL : Freescale_Semiconductor
FMS : Fresenius_Medical_Care
FDP : Fresh_Del_Monte_Produce
FRO : Frontline_Ltd.
FCN : FTI_Consulting
FIO : Fusion-io
FF : FutureFuel
FXCM : FXCM
GFA : Gafisa
GCAP : Gain_Capital
GBL : GAMCO_Investors
GME : GameStop
GCI : Gannett_Company
GPS : Gap_Inc.
IT : Gartner
GMT : General_American_Transportation_Corporation
GZT : Gazit-Globe
GY : GenCorp
GNRC : Generac_Power_Systems
GAM : General_American_Investors_Company
BGC : General_Cable
GD : General_Dynamics
GE : General_Electric
GIS : General_Mills
GM : General_Motors
GCO : Genesco
GWR : Genesee_&_Wyoming
GNE : Genie_Energy
G : Genpact
GPC : Genuine_Parts_Company
GNW : Genworth_Financial
GEO : GEO_Group
GPEpA : Georgia_Power
GGB : Gerdau
GFIG : GFI_Group
GIL : Gildan_Activewear
GLT : Glatfelter
GSK : GlaxoSmithKline
GRT : Glimcher_Realty_Trust
GLP : Global_Partners
GPN : Global_Payments
GNC : GNC_(store)
GOL : Gol_Transportes_Aéreos
GFI : Gold_Fields
GG : Goldcorp
GS : Goldman_Sachs
IRE : Bank_of_Ireland
GPX : GP_Strategies_Corporation
GGG : Graco_(fluid_handling)
GTI : GrafTech
GHC : Graham_Holdings_Company
GVA : Granite_Construction
GRP.U : Granite_Real_Estate
GPK : Graphic_Packaging
GTN : Gray_Television
GRAM : Granã_y_Montero
GXP : Great_Plains_Energy
GDOT : Green_Dot_Corporation
GBX : The_Greenbrier_Companies
GFF : Griffon_Corporation
GPI : Group_1_Automotive
GRUB : GrubHub
GMK : Gruma
PAC : Grupo_Aeroportuario_del_Pacífico
ASR : Grupo_Aeroportuario_del_Sureste
BSMX : Banco_Santander_(Mexico)
TV : Televisa
GSH : Guangshen_Railway_(company)
GES : Guess_(clothing)
GWRE : Guidewire_Software
GUA : Gulf_Power_Company
HRB : H&R_Block
HAE : Haemonetics
HAL : Halliburton
HBI : Hanesbrands
HGR : Hanger,_Inc.
THG : Hanover_Insurance
HOG : Harley-Davidson
HAR : Harman_International_Industries
HMY : Harmony_Gold_(mining)
HRS : Harris_Corporation
HSC : Harsco
HHS : Harte_Hanks
HIG : The_Hartford
HVT : Havertys
HE : Hawaiian_Electric_Industries
FUL : H.B._Fuller
HCA : Hospital_Corporation_of_America
HCC : HCC_Insurance_Holdings
HCP : Health_Care_Property_Investors
HDB : HDFC_Bank
HW : Headwaters_Incorporated
HNT : Health_Net
HLS : HealthSouth
HPY : Heartland_Payment_Systems
HL : Hecla_Mining
HEI : HEICO
HLX : Helix_Energy_Solutions_Group
HP : Helmerich_&_Payne
HLF : Herbalife
HT : Hersha_Hospitality_Trust
HSY : The_Hershey_Company
HTZ : The_Hertz_Corporation
HES : Hess_Corporation
HPQ : Hewlett-Packard
HXL : Hexcel
HF : HFF_(commercial_real_estate)
HIL : Hill_International
HRC : Hill-Rom_Holdings
HI : Hillenbrand,_Inc.
HSH : Hillshire_Brands
HLT : Hilton_Worldwide
HNI : HNI_Corporation
HFC : HollyFrontier
HD : The_Home_Depot
HMC : Honda
HON : Honeywell
HMN : Horace_Mann_Educators_Corporation
HRL : Hormel
HOS : Hornbeck_Offshore_Services
HSP : Hospira
HST : Host_Hotels_&_Resorts
HOV : Hovnanian_Enterprises
HHC : The_Howard_Hughes_Corporation
HSFCpB : HSBC_Finance
HSBC : HSBC
HNP : Huaneng_Power_International
HBM : Hudbay_Minerals
HUM : Humana
HII : Huntington_Ingalls_Industries
HUN : Huntsman_Corporation
H : Hyatt
IAG : Iamgold
IBN : ICICI_Bank
IDA : Idacorp
IEX : IDEX_Corporation
IDT : IDT_Corporation
IHS : IHS_Inc.
ITW : Illinois_Tool_Works
IMN : Imation
IMAX : IMAX_Corporation
IMPV : Imperva
IBA : Bachoco
BLOX : Infoblox
INFY : Infosys
ING : ING_Group
IR : Ingersoll_Rand
IM : Ingram_Micro
INGR : Ingredion
NSP : Insperity
IEH : Integrys_Energy_Group
I : Intelsat
ICE : Intercontinental_Exchange
IHG : InterContinental_Hotels_Group
IBM : IBM
IFF : International_Flavors_&_Fragrances
IGT : International_Game_Technology
IP : International_Paper
IRF : International_Rectifier
IOC : InterOil
IPG : Interpublic_Group_of_Companies
IPLpD : Alliant_Energy
INXN : Interxion
IL : IntraLinks
SNOW : Intrawest
IPI : Intrepid_Potash
XON : Intrexon
IVC : Invacare
IVZ : Invesco
ITG : Investment_Technology_Group
IO : ION_Geophysical
IRM : Iron_Mountain_Incorporated
IRS : Inversiones_y_Representaciones_Sociedad_Anónima_(IRSA)
ITUB : Itaú_Unibanco
ITC : ITC_Transmission
ITT : ITT_Corporation
ESI : ITT_Technical_Institute
SJM : The_J.M._Smucker_Company
JBL : Jabil_Circuit
JEC : Jacobs_Engineering_Group
JHX : James_Hardie
JNS : Janus_Capital_Group
JAH : Jarden
JCP : J._C._Penney
JGW : J.G._Wentworth
JBT : JBT_Corporation
JW.A : John_Wiley_&_Sons
JNJ : Johnson_&_Johnson
JCI : Johnson_Controls
JLL : Jones_Lang_LaSalle
JRN : Journal_Communications
JPM : JPMorgan_Chase
JNPR : Juniper_Networks
JE : Just_Energy
LRN : K12_(company)
KSU : Kansas_City_Southern_Railway
KS : Kapstone
KATE : Kate_Spade_&_Company
KB : KB_Kookmin_Bank
KBH : KB_Home
KBR : KBR_(company)
KCG : KCG_Holdings
K : Kellogg's
KEM : KEMET_Corporation
KMPA : Kemper_Corporation
KMT : Kennametal
KEG : Key_Energy_Services
KEY : KeyBank
KMB : Kimberly-Clark
KIM : Kimco_Realty
KMI : Kinder_Morgan
KMP : Kinder_Morgan_Energy_Partners
KND : Kindred_Healthcare
KING : King_(company)
KGC : Kinross_Gold
KKR : Kohlberg_Kravis_Roberts
KNX : Knight_Transportation
KNL : Knoll_(company)
KNOP : Knutsen_NYK_Offshore_Tankers
KSS : Kohl's
KNM : Konami
PHG : Philips
KOP : Koppers
KEP : Korea_Electric_Power_Corporation
KF : Korea_Fund
KFY : Korn_Ferry
KOS : Kosmos_Energy
KKD : Krispy_Kreme
KR : Kroger
KT : KT_Corporation
KYO : Kyocera
LLL : L-3_Communications
LB : L_Brands
LQ : La_Quinta_Inns_&_Suites
LZB : La-Z-Boy
LH : LabCorp
LG : Laclede_Group
LPI : Laredo_Petroleum
LVS : Las_Vegas_Sands
LFL : LATAM_Airlines_Group
LAZ : Lazard
LF : LeapFrog_Enterprises
LEA : Lear_Corporation
LEE : Lee_Enterprises
LM : Legg_Mason
LEG : Leggett_&_Platt
CVB : Lehman_Brothers
LDOS : Leidos
LEN : Lennar_Corporation
LII : Lennox_International
LUK : Leucadia_National
LVLT : Level_3_Communications
LXK : Lexmark
LPL : LG_Display
LPT : Liberty_Property_Trust
LTM : Life_Time_Fitness
LOCK : LifeLock
LIN : LIN_Media
LNC : Lincoln_National_Corporation
LNN : Lindsay_Manufacturing
LNKD : LinkedIn
LGF : Lions_Gate_Entertainment
LAD : Lithia_Motors
LYV : Live_Nation_Entertainment
LYG : Lloyds_Banking_Group
LMT : Lockheed_Martin
L : Loews_Corporation
LO : Lorillard_Tobacco_Company
LPX : Louisiana-Pacific
LOW : Lowe's
LUB : Luby's
LL : Lumber_Liquidators
LXFT : Luxoft
LUX : Luxottica
LYB : LyondellBasell
MTB : M&T_Bank
MAC : Macerich
MIC : Macquarie_Infrastructure_Company
M : Macy's,_Inc.
MMP : Magellan_Midstream_Partners
MGA : Magna_International
MHpA : Maiden_Holdings
MHNA : Maiden_Holdings
MANU : Manchester_United_F.C.
MTW : The_Manitowoc_Company
MAN : Manpower_Inc.
MFC : Manulife_Financial
MRO : Marathon_Oil
MPC : Marathon_Petroleum
MCS : Marcus_Corporation
MMI : Marcus_&_Millichap
MRIN : Marin_Software
MHG : Marine_Harvest
MKL : Markel_Corporation
MWE : MarkWest_Energy
VAC : Marriott_Vacations_Worldwide_Corporation
MMC : Marsh_&_McLennan_Companies
MSO : Martha_Stewart_Living_Omnimedia
MLM : Martin_Marietta_Materials
MAS : Masco
DOOR : Masonite_International
MTZ : MasTec
MA : MasterCard
MATX : Matson,_Inc.
MLP : Maui_Land_&_Pineapple_Company
MMS : Maximus_Inc.
MXL : MaxLinear
MBI : MBIA
MNI : The_McClatchy_Company
MKC : McCormick_&_Company
MDR : McDermott_International
MCD : McDonald's
MHFI : McGraw_Hill_Financial
MCK : McKesson_Corporation
MDC : MDC_Holdings
MDU : MDU_Resources
MJN : Mead_Johnson
MWV : MeadWestvaco
MTL : Mechel
MEG : Media_General
MED : Medifast
MD : Mednax
MDT : Medtronic
MW : Men's_Wearhouse
MRK : Merck_&_Co.
MCY : Mercury_Insurance_Group
MDP : Meredith_Corporation
MTH : Meritage_Homes_Corporation
MTOR : Meritor
MET : MetLife
MTD : Mettler_Toledo
MTG : Mortgage_Guaranty_Insurance_Corporation
MGM : MGM_Resorts_International
KORS : Michael_Kors
MEP : Midcoast_Energy_Partners,_L.P.
MM : Millennial_Media
MR : Mindray_Medical_International_Limited
MPpD : Mississippi_Power
MTU : Mitsubishi_UFJ_Financial_Group
MFG : Mizuho_Financial_Group
MBT : MTS_(network_provider)
MODN : Model_N,_Inc.
MC : Moelis_&_Company
MHK : Mohawk_Industries
MOH : Molina_Healthcare
TAP : Molson_Coors_Brewing_Company
MCP : Molycorp
MON : Monsanto
MWW : Monster.com
MCO : Moody's_Corporation
MOG.A : Moog_Inc.
MS : Morgan_Stanley
MOS : The_Mosaic_Company
MSI : Motorola_Solutions
MOV : Movado
MSA : Mine_Safety_Appliances
MSM : MSC_Industrial_Direct
MSCI : MSCI
MLI : Mueller_Industries
MWA : Mueller_Water_Products
MUR : Murphy_Oil
NBR : Nabors_Industries
NC : NACCO_Industries
NBG : National_Bank_of_Greece
NFG : National_Fuel_Gas
NGG : National_Grid_plc
NOV : National_Oilwell_Varco
NPK : National_Presto_Industries
NNN : National_Retail_Properties
NSM : Nationstar_Mortgage
NGVC : Vitamin_Cottage_Natural_Grocers
NTZ : Natuzzi
NLS : Nautilus,_Inc.
NCI : Navigant_Consulting
NM : Navios_Maritime_Holdings
NAV : Navistar_International
NCS : NCI_Building_Systems
NCR : NCR_Corporation
NNI : Nelnet
NPTN : NeoPhotonics_Corporation
N : NetSuite
NSR : Neustar
NJR : New_Jersey_Resources
NMFC : New_Mountain_Capital
EDU : New_Oriental
NWY : New_York_&_Company
NYCB : New_York_Community_Bank
NYT : The_New_York_Times_Company
NWL : Newell_Rubbermaid
NEU : Ethyl_Corporation
NEM : Newmont_Mining_Corporation
NEE : NextEra_Energy
NEP : NextEra_Energy_Partners
NMKpB : National_Grid_plc
NJ : Nidec
NLSN : Nielsen_N.V.
NKE : Nike,_Inc.
NMBL : Nimble_Storage
NTT : Nippon_Telegraph_and_Telephone
NKA : Niska_Gas_Storage_Partners
NI : NiSource
NL : NL_Industries
NE : Noble_Corporation
NBL : Noble_Energy
NOK : Nokia
NMR : Nomura_Holdings
NORD : Nord_Anglia_Education
NDZ : Nordion
JWN : Nordstrom
NSC : Norfolk_Southern_Railway
NU : Northeast_Utilities
NOC : Northrop_Grumman
NWN : NW_Natural
NWE : NorthWestern_Corporation
NVS : Novartis
NVO : Novo_Nordisk
NQ : NQ_Mobile_Inc.
NRG : NRG_Energy
DCM : NTT_DoCoMo
NUS : Nu_Skin_Enterprises
NUE : Nucor
NS : NuStar_Energy
NVR : NVR,_Inc.
OAK : Oaktree_Capital_Management
OAS : Oasis_Petroleum
OXY : Occidental_Petroleum
OII : Oceaneering_International
OZM : Och-Ziff_Capital_Management
OCN : Ocwen
ODP : Office_Depot
OFG : Oriental_Financial_Group
OGE : Oklahoma_Gas_&_Electric
OIBR : Oi_(telecommunications)
ORI : Old_Republic_International
OLN : Olin_Corporation
OMG : OM_Group
OME : Omega_Protein
OCR : Omnicare
OMC : Omnicom_Group
OMN : OMNOVA_Solutions
OGS : ONE_Gas
OB : OneBeacon
OKE : ONEOK
OPK : OPKO_Health
OPY : Oppenheimer_Holdings
ORCL : Oracle_Corporation
ORAN : Orange_S.A.
ORB : Orbital_Sciences_Corporation
OWW : Orbitz
IX : Orix
ORA : Ormat_Industries
OSK : Oshkosh_Corporation
OMI : Owens_&_Minor
OC : Owens_Corning
OI : Owens-Illinois
OXM : Oxford_Industries
PLL : Pall_Corporation
PANW : Palo_Alto_Networks
PAM : Pampa_Energía
P : Pandora_Radio
PKE : Park_Electrochemical_Corp
PH : Parker_Hannifin
PAYC : Paycom
PBF : PBF_Energy
BTU : Peabody_Energy
PSO : Pearson_PLC
PBA : Pembina_Pipeline
PGH : Pengrowth_Energy
PVA : Penn_Virginia
PWE : Penn_West_Exploration
PEI : Pennsylvania_Real_Estate_Investment_Trust
PFSI : PennyMac_Loan_Services
PAG : Penske_Automotive_Group
PNR : Pentair
PBY : Pep_Boys
POM : Pepco_Holdings
PEP : PepsiCo
PKI : PerkinElmer
PBT : Permian_Basin_Royalty_Trust
PRGO : Perrigo
PBR : Petrobras
PZE : Petrobras_Argentina
PTR : PetroChina
PEO : Petroleum_&_Resources_Corporation
PFE : Pfizer
PCG : Pacific_Gas_and_Electric_Company
PMC : PharMerica
PHH : PHH_Corporation
PM : Philip_Morris_International
PHI : Philippine_Long_Distance_Telephone_Company
PSX : Phillips_66
PNX : The_Phoenix_Companies
PNY : Piedmont_Natural_Gas
PIR : Pier_1_Imports
PNK : Pinnacle_Entertainment
PF : Pinnacle_Foods
PNW : Arizona_Public_Service
PXD : Pioneer_Natural_Resources
PJC : Piper_Jaffray
PBI : Pitney_Bowes
PAA : Plains_All_American_Pipeline
PLT : Plantronics
PAH : Platform_Specialty_Products_Corporation
PCL : Plum_Creek_Timber
PNC : PNC_Financial_Services
PNM : PNM_Resources
PII : Polaris_Industries
POL : PolyOne_Corporation
POR : Portland_General_Electric
PT : Portugal_Telecom
PKX : POSCO
POST : Post_Foods
PPS : Post_Properties
POT : Potash_Corporation_of_Saskatchewan
PPG : PPG_Industries
PPL : PPL_(utility)
PX : Praxair
PCP : Precision_Castparts_Corp.
PDS : Precision_Drilling
PGI : PGi
PBH : Prestige_Brands
PRI : Primerica
PFG : Principal_Financial_Group
PRA : ProAssurance
PG : Procter_&_Gamble
PGR : Progressive_Corporation
BIN : Progressive_Waste_Solutions
PLD : Prologis
PRIS : PRISA
PB : Prosperity_Bancshares
PL : Protective_Life
PRLB : Proto_Labs
PFS : Provident_Bank_of_New_Jersey
PUK : Prudential_plc
PFK : Prudential_Financial
PSB : PS_Business_Parks
TLK : Telkom_Indonesia
PEG : Public_Service_Enterprise_Group
PSA : Public_Storage
PHM : Pulte_Homes
PVH : PVH_(company)
QIHU : Qihoo
QTS : Quality_Technology_Services
QUAD : Quad
KWR : Quaker_Chemical_Corporation
PWR : Quanta_Services
QTM : Quantum_Corporation
DGX : Quest_Diagnostics
STR : Questar_Corporation
ZQK : Quiksilver
Q : QuintilesIMS
RAX : Rackspace
RDN : Radian_Group
RSH : RadioShack
RAS : RAIT_Financial_Trust
RL : Ralph_Lauren_Corporation
RPT : Ramco-Gershenson_Properties_Trust
RRC : Range_Resources
RJF : Raymond_James_Financial
RJD : Raymond_James_Financial
RYN : Rayonier
RYAM : Rayonier_Advanced_Materials
RTN : Raytheon
RMAX : RE
RLD : RealD
RLGY : Realogy
O : Realty_Income_Corporation
RHT : Red_Hat
RLH : Red_Lion_Hotels_Corporation
ENL : Reed_Elsevier
RBC : Regal-Beloit
RGC : Regal_Entertainment_Group
REG : Regency_Centers_Corporation
RF : Regions_Financial_Corporation
RGS : Regis_Corporation
RGA : Reinsurance_Group_of_America
RS : Reliance_Steel_&_Aluminum_Co.
RENN : Renren
RNF : Rentech
RSG : Republic_Services
RMD : ResMed
RFP : Resolute_Forest_Products
RH : Restoration_Hardware
QSR : Burger_King
REV : Revlon
REX : REX_American_Resources
RXN : Rexnord_Corporation
RAI : Reynolds_American
RNG : RingCentral
RIOM : Rio_Alto_Mining
RIO : Rio_Tinto_Group
RBA : Ritchie_Bros._Auctioneers
RAD : Rite_Aid
RLI : RLI_Corp.
RHI : Robert_Half_International
RKT : Rock-Tenn
ROK : Rockwell_Automation
COL : Rockwell_Collins
ROG : Rogers_Corporation
RCI : Rogers_Communications
ROL : Rollins_Inc.
ROP : Roper_Industries
RST : Rosetta_Stone_(company)
RNDY : Roundy's
RDC : Rowan_Companies
RY : Royal_Bank_of_Canada
RBS : The_Royal_Bank_of_Scotland_Group
RCL : Royal_Caribbean_Cruises_Ltd.
RDS.A : Royal_Dutch_Shell
RPM : RPM_International
RTI : RTI_International_Metals
RUBI : Rubicon_Project
RT : Ruby_Tuesday_(restaurant)
RKUS : Ruckus_Wireless
RTEC : Rudolph_Technologies,_Inc.
R : Ryder
RHP : Ryman_Hospitality_Properties
SWY : Safeway_Inc.
CRM : Salesforce.com
SBH : Sally_Beauty_Holdings
SD : SandRidge_Energy
SNY : Sanofi
SAP : SAP_SE
SSL : Sasol
SCG : SCANA
SLB : Schlumberger
SAIC : Science_Applications_International_Corporation
SMG : The_Scotts_Miracle-Gro_Company
SNI : Scripps_Networks_Interactive
SA : Seabridge_Gold
CKH : SEACOR_Holdings
SDRL : Seadrill
SEE : Sealed_Air
SEAS : SeaWorld_Entertainment
SEM : Select_Medical
SGZA : Selective_Insurance
SEMG : SemGroup
SMI : Semiconductor_Manufacturing_International_Corporation
SRE : Sempra_Energy
SXT : Sensient_Technologies
SQNS : Sequans
SCI : Service_Corporation_International
NOW : ServiceNow
SSLT : Sesa_Sterlite_Limited
SJR : Shaw_Communications
SHW : Sherwin-Williams
SHG : Shinhan_Bank
SSTK : Shutterstock
SIG : Signet_Jewelers
SSNI : Silver_Spring_Networks
SLW : Silver_Wheaton
SVM : Silvercorp_Metals
SPG : Simon_Property_Group
SHI : Shanghai_Petrochemical
SIX : Six_Flags
SKM : SK_Telecom
SKX : Skechers
SLG : SL_Green_Realty
SLGpI : SL_Green_Realty
SM : SM_Energy
SNN : Smith_&_Nephew
SNA : Snap-on
SQM : Sociedad_Química_y_Minera
SWI : SolarWinds
SLH : Solera_Holdings
SAH : Sonic_Automotive
SON : Sonoco
SNE : Sony
BID : Sotheby's
SJI : South_Jersey_Industries
SO : Southern_Company
SCCO : Southern_Copper_Corporation
LUV : Southwest_Airlines
SWX : Southwest_Gas
SWN : Southwestern_Energy
SSS : Uncle_Bob's_Self_Storage
CODE : Spansion
SE : Spectra_Energy
SPB : Spectrum_Brands
TRK : Speedway_Motorsports
SPR : Spirit_AeroSystems
LEAF : Springleaf
S : Sprint_Corporation
SPW : SPX_Corporation
JOE : St._Joe_Company
STJ : St._Jude_Medical
SSI : Stage_Stores_Inc.
SFG : StanCorp_Financial_Group
SMP : Standard_Motor_Products
SWK : Stanley_Black_&_Decker
STN : Stantec
SCX : L._S._Starrett_Company
HOT : Starwood_Hotels_and_Resorts_Worldwide
STT : State_Street_Corporation
STO : Statoil
SCS : Steelcase
SCL : Stepan_Company
STL : Sterling_Bancorp
STC : Stewart_Information_Services_Corporation
SF : Stifel
SWC : Stillwater_Mining_Company
STM : STMicroelectronics
SGY : Stone_Energy_Corporation
SYK : Stryker_Corporation
RGR : Sturm,_Ruger_&_Co.
SMFG : Sumitomo_Mitsui_Financial_Group
SUI : Sun_Communities
SLF : Sun_Life_Financial
SU : Suncor_Energy
SUNE : SunEdison
SXL : Sunoco_Logistics_Partners,_L.P.
STI : SunTrust_Banks
SVU : SuperValu_(United_States)
SUSS : Stripes_Convenience_Stores
SWFT : Swift_Transportation
SYA : Symetra
SYT : Syngenta
SNX : Synnex
SNV : Synovus
SYY : Sysco
SYX : Systemax
TMUS : T-Mobile_US
DATA : Tableau_Software
TAHO : Tahoe_Resources
TSM : TSMC
TAL : TAL_International_Group
TLM : Talisman_Energy
SKT : Tanger_Factory_Outlet_Centers
TRGP : Targa_Resources
NGLS : Targa_Resources
TGT : Target_Corporation
TARO : TARO_Pharmaceuticals
TTM : Tata_Motors
TCO : Taubman_Centers
TMHC : Taylor_Morrison
TCP : TC_PipeLines
TCB : TCF_Financial_Corporation
AMTD : TD_Ameritrade
TEL : TE_Connectivity
TMH : Team_Health_Holdings
TCK : Teck_Resources
TE : TECO_Energy
TRC : Tejon_Ranch
TEO : Telecom_Argentina
TI : Telecom_Italia
TDY : Teledyne_Technologies
TFX : Teleflex
TEF : Telefónica
VIV : Telefônica_Vivo
TDS : Telephone_and_Data_Systems
TU : Telus
TPX : Tempur-Pedic
TS : Tenaris
THC : Tenet_Healthcare
TEN : Tenneco
TVC : Tennessee_Valley_Authority
TDC : Teradata
TER : Teradyne
TEX : Terex
TX : Ternium
TNH : Terra_Nitrogen_Company
TSO : Tesoro
TEVA : Teva_Pharmaceutical_Industries
TPL : Texas_Pacific_Land_Trust
TGH : Textainer_Group_Holdings
TXT : Textron
TMO : Thermo_Fisher_Scientific
TC : Thompson_Creek_Metals
TRI : Thomson_Reuters
THO : Thor_Industries
TDW : Tidewater_(marine_services)
TIF : Tiffany_&_Co.
TLYS : Tillys
THI : Tim_Hortons
TSU : TIM_Brasil
TIME : Time_Inc.
TWX : Time_Warner
TWC : Time_Warner_Cable
TKR : Timken_Company
TWI : Titan_Tire_Corporation
TJX : TJX_Companies
TOL : Toll_Brothers
TR : Tootsie_Roll_Industries
TMK : Torchmark
TTC : Toro_(company)
TD : Toronto-Dominion_Bank
TOT : Total_S.A.
TSS : TSYS
TOWR : Tower_International
TW : Towers_Watson
TM : Toyota
TAC : TransAlta
TRP : TransCanada_Corporation
TDG : TransDigm_Group
TLP : TransMontaigne
RIG : Transocean
TGS : Transportadora_de_Gas_del_Sur
TA : TravelCenters_of_America
TRV : The_Travelers_Companies
TG : Tredegar_corporation
THS : TreeHouse_Foods
TSL : Trina_Solar
TNET : TriNet
TRN : Trinity_Industries
TSE : Trinseo
GTS : Triple-S_Management_Corporation
TGI : Triumph_Group
TROX : Tronox
TRLA : Trulia
TRW : TRW_Automotive
TUMI : Tumi_Inc.
TUP : Tupperware_Brands
TKC : Turkcell
TRQ : Turquoise_Hill_Resources
TPC : Tutor_Perini
TWTR : Twitter
TYC : Tyco_International
TSN : Tyson_Foods
UBS : UBS
UGI : UGI_Corporation
UIL : UIL_Holdings_Corporation
UGP : Ultrapar
UMH : UMH_Properties
UMHpA : UMH_Properties
UA : Under_Armour
UNF : UniFirst
UN : Unilever
UNP : Union_Pacific_Railroad
UIS : Unisys
UAL : United_Continental_Holdings
UMC : United_Microelectronics_Corporation
UPS : United_Parcel_Service
URI : United_Rentals
USM : U.S._Cellular
X : United_States_Steel_Corporation
UTX : United_Technologies_Corporation
UNH : UnitedHealth_Group
UTL : Unitil_Corporation
UVV : Universal_Corporation
UAM : Universal_American
UHS : Universal_Health_Services
UTI : Universal_Technical_Institute
UNS : UNS_Energy
UNM : Unum
URS : URS_Corporation
UBA : Urstadt_Biddle_Properties
UBP : Urstadt_Biddle_Properties
UBPpD : Urstadt_Biddle_Properties
UBPpF : Urstadt_Biddle_Properties
USB : U.S._Bancorp
USNA : USANA_Health_Sciences
USU : United_States_Enrichment_Corporation
USG : USG_Corporation
EGY : Vaalco_Energy
MTN : Vail_Resorts
VALE : Vale_(mining_company)
VALEPR : Vale_(mining_company)
VRX : Valeant_Pharmaceuticals
VLY : Valley_National_Bank
VMI : Valmont_Industries
VAL : Valspar
VNTV : Vantiv
VAR : Varian_Medical_Systems
VGR : Vector_Group
VVC : Vectren
VEEV : Veeva_Systems
VTR : Ventas_(company)
PAY : VeriFone
VRTV : Veritiv
VZ : Verizon_Communications
VET : Vermilion_Energy
VSR : Versar
VRS : Verso_Corporation
VFC : VF_Corporation
VVI : Viad
VNCE : VINCE.
VMEM : Violin_Memory
VIPS : Vipshop
VHC : VirnetX
V : Visa_Inc.
VSH : Vishay_Intertechnology
VSTO : Vista_Outdoor
VC : Visteon
VSI : The_Vitamin_Shoppe
VSLR : Vivint_Solar
VG : Vonage
VNO : Vornado_Realty_Trust
VNOPRJ : Vornado_Realty_Trust
VNOPRG : Vornado_Realty_Trust
VNOPNRI : Vornado_Realty_Trust
VNOPRK : Vornado_Realty_Trust
VNOPRL : Vornado_Realty_Trust
VJET : Voxeljet
VOYA : Voya_Financial
VMC : Vulcan_Materials_Company
WNC : Wabash_National
WBC : WABCO_Holdings,_Inc.
WAB : Wabtec
WDR : Waddell_&_Reed
WMT : Walmart
WAG : Walgreens
DIS : The_Walt_Disney_Company
WLT : Walter_Energy
WCN : Waste_Connections
WM : Waste_Management,_Inc
WAT : Waters_Corporation
WSO : Watsco
WPP : Wausau_Paper
W : Wayfair
WFT : Weatherford_International
WBS : Webster_Bank
WTW : Weight_Watchers
WRI : Weingarten_Realty
WMK : Weis_Markets
WCG : WellCare
WFC : Wells_Fargo
WCC : WESCO_International
WST : West_Pharmaceutical_Services
WR : Westar_Energy
WNR : Western_Refining
WU : Western_Union
WLK : Westlake_Chemical
WBK : Westpac
WY : Weyerhaeuser
WGL : Washington_Gas
WHR : Whirlpool_Corporation
WTM : White_Mountains_Insurance_Group
WLL : Whiting_Petroleum_Corporation
JW.B : John_Wiley_&_Sons
WG : Willbros_Group
WMB : Williams_Companies
WSM : Williams-Sonoma
WGO : Winnebago_Industries
WIT : Wipro
WEC : Wisconsin_Energy_Corporation
WNS : WNS_Global_Services
WWW : Wolverine_World_Wide
WF : Woori_Financial_Group
WDAY : Workday,_Inc.
INT : World_Fuel_Services
WWE : WWE
WOR : Worthington_Industries
WPC : W._P._Carey
WRB : W._R._Berkley
GRA : W._R._Grace_and_Company
WX : WuXi_PharmaTech
GWW : W._W._Grainger
WYN : Wyndham_Worldwide
XEL : Xcel_Energy
XRX : Xerox
XIN : Xinyuan_Real_Estate
XL : XL_Group
XOXO : XO_Group
XPO : XPO_Logistics
XYL : Xylem_Inc.
YDKN : Yadkin_Financial
AUY : Yamana_Gold
YZC : Yanzhou_Coal_Mining_Company
YELP : Yelp
YGE : Yingli
YOKU : Youku_Tudou
YPF : YPF
YUM : Yum!_Brands
YUME : YuMe
ZEN : Zendesk
ZMH : Zimmer_Holdings
ZION : Zions_Bancorporation
ZOES : Zoës_Kitchen
ZTS : Zoetis
